{
  "timestamp": "20250618_215757",
  "test_config": {
    "test_episodes": 100,
    "stability_tests": 20,
    "track_size": [
      32,
      17
    ],
    "max_speed": 5
  },
  "results": {
    "REINFORCE": {
      "success_rate": 0.35,
      "avg_reward": -99.41704081632653,
      "avg_steps": 138.58,
      "reward_std": 129.32516571416022,
      "steps_std": 83.78546174605711,
      "success_rate_variance": 0.020475,
      "total_tests": 100,
      "successful_tests": 35
    },
    "Actor-Critic": {
      "success_rate": 0.54,
      "avg_reward": -93.64259183673474,
      "avg_steps": 150.89,
      "reward_std": 182.60015553472033,
      "steps_std": 137.6507824169554,
      "success_rate_variance": 0.02847500000000001,
      "total_tests": 100,
      "successful_tests": 54
    },
    "PPO": {
      "success_rate": 0.0,
      "avg_reward": -290.8653061224489,
      "avg_steps": 300.0,
      "reward_std": 3.0657273006118437,
      "steps_std": 0.0,
      "success_rate_variance": 0.0,
      "total_tests": 100,
      "successful_tests": 0
    },
    "TRPO": {
      "success_rate": 0.03,
      "avg_reward": -290.9774489795916,
      "avg_steps": 291.87,
      "reward_std": 65.93771783042136,
      "steps_std": 46.2663279286351,
      "success_rate_variance": 0.003400000000000001,
      "total_tests": 100,
      "successful_tests": 3
    },
    "Q-Learning": {
      "success_rate": 1.0,
      "avg_reward": 71.43448979591837,
      "avg_steps": 20.17,
      "reward_std": 21.45613286901039,
      "steps_std": 8.882629115301393,
      "success_rate_variance": 0.0,
      "total_tests": 100,
      "successful_tests": 100
    },
    "Sarsa(λ)": {
      "success_rate": 1.0,
      "avg_reward": 73.239,
      "avg_steps": 20.17,
      "reward_std": 16.23643451691773,
      "steps_std": 6.187172213539881,
      "success_rate_variance": 0.0,
      "total_tests": 100,
      "successful_tests": 100
    },
    "Q-Guided AC": {
      "success_rate": 1.0,
      "avg_reward": 61.92304081632653,
      "avg_steps": 25.19,
      "reward_std": 34.41940785505267,
      "steps_std": 14.791683474168854,
      "success_rate_variance": 0.0,
      "total_tests": 100,
      "successful_tests": 100
    }
  }
}