{
  "timestamp": "20250615_231032",
  "test_config": {
    "test_episodes": 100,
    "stability_tests": 20,
    "track_size": [
      32,
      17
    ],
    "max_speed": 5
  },
  "results": {
    "REINFORCE": {
      "success_rate": 0.4,
      "avg_reward": -87.5155918367347,
      "avg_steps": 131.47,
      "reward_std": 130.3571236466362,
      "steps_std": 84.35300291038843,
      "success_rate_variance": 0.015475,
      "total_tests": 100,
      "successful_tests": 40
    },
    "Actor-Critic": {
      "success_rate": 0.61,
      "avg_reward": -70.16006122448981,
      "avg_steps": 132.86,
      "reward_std": 177.95905427449307,
      "steps_std": 133.77757809139766,
      "success_rate_variance": 0.0219,
      "total_tests": 100,
      "successful_tests": 61
    },
    "PPO": {
      "success_rate": 0.0,
      "avg_reward": -290.83469387755105,
      "avg_steps": 300.0,
      "reward_std": 3.0458245293718713,
      "steps_std": 0.0,
      "success_rate_variance": 0.0,
      "total_tests": 100,
      "successful_tests": 0
    },
    "TRPO": {
      "success_rate": 0.0,
      "avg_reward": -305.9287346938772,
      "avg_steps": 300.0,
      "reward_std": 21.470449790756184,
      "steps_std": 0.0,
      "success_rate_variance": 0.004500000000000001,
      "total_tests": 100,
      "successful_tests": 0
    },
    "Q-Learning": {
      "success_rate": 1.0,
      "avg_reward": 76.13726530612244,
      "avg_steps": 18.57,
      "reward_std": 12.675939503013117,
      "steps_std": 5.729319331299313,
      "success_rate_variance": 0.0,
      "total_tests": 100,
      "successful_tests": 100
    },
    "Sarsa(λ)": {
      "success_rate": 1.0,
      "avg_reward": 68.58508163265306,
      "avg_steps": 21.57,
      "reward_std": 20.632389089118625,
      "steps_std": 7.904751735506941,
      "success_rate_variance": 0.0,
      "total_tests": 100,
      "successful_tests": 100
    }
  }
}