{
  "algorithm": "Q-learning",
  "selected_path": {
    "reward": 89.70408163265306,
    "steps": 12,
    "path": [
      [
        31,
        8
      ],
      [
        30,
        8
      ],
      [
        28,
        8
      ],
      [
        25,
        8
      ],
      [
        21,
        8
      ],
      [
        17,
        8
      ],
      [
        14,
        8
      ],
      [
        11,
        8
      ],
      [
        8,
        8
      ],
      [
        6,
        9
      ],
      [
        5,
        11
      ],
      [
        3,
        13
      ],
      [
        2,
        16
      ]
    ],
    "start": [
      31,
      8
    ],
    "end": [
      2,
      16
    ]
  },
  "all_successful_paths": [
    {
      "reward": 85.00204081632653,
      "steps": 17,
      "path": [
        [
          31,
          4
        ],
        [
          30,
          4
        ],
        [
          28,
          5
        ],
        [
          26,
          6
        ],
        [
          23,
          6
        ],
        [
          21,
          7
        ],
        [
          19,
          8
        ],
        [
          18,
          8
        ],
        [
          16,
          8
        ],
        [
          14,
          8
        ],
        [
          12,
          8
        ],
        [
          10,
          8
        ],
        [
          7,
          8
        ],
        [
          4,
          9
        ],
        [
          2,
          10
        ],
        [
          1,
          11
        ],
        [
          1,
          13
        ],
        [
          1,
          16
        ]
      ],
      "start": [
        31,
        4
      ],
      "end": [
        1,
        16
      ]
    },
    {
      "reward": 85.75714285714285,
      "steps": 16,
      "path": [
        [
          31,
          0
        ],
        [
          31,
          1
        ],
        [
          31,
          2
        ],
        [
          31,
          3
        ],
        [
          31,
          4
        ],
        [
          30,
          4
        ],
        [
          28,
          5
        ],
        [
          25,
          6
        ],
        [
          21,
          7
        ],
        [
          18,
          7
        ],
        [
          14,
          8
        ],
        [
          11,
          8
        ],
        [
          8,
          8
        ],
        [
          6,
          9
        ],
        [
          5,
          11
        ],
        [
          3,
          13
        ],
        [
          2,
          16
        ]
      ],
      "start": [
        31,
        0
      ],
      "end": [
        2,
        16
      ]
    },
    {
      "reward": 67.4591836734694,
      "steps": 26,
      "path": [
        [
          31,
          7
        ],
        [
          30,
          7
        ],
        [
          28,
          7
        ],
        [
          26,
          7
        ],
        [
          24,
          7
        ],
        [
          22,
          8
        ],
        [
          19,
          8
        ],
        [
          15,
          8
        ],
        [
          11,
          8
        ],
        [
          7,
          8
        ],
        [
          4,
          9
        ],
        [
          2,
          10
        ],
        [
          0,
          11
        ],
        [
          31,
          7
        ],
        [
          30,
          7
        ],
        [
          28,
          7
        ],
        [
          26,
          7
        ],
        [
          24,
          7
        ],
        [
          22,
          8
        ],
        [
          19,
          8
        ],
        [
          15,
          8
        ],
        [
          11,
          8
        ],
        [
          8,
          8
        ],
        [
          6,
          9
        ],
        [
          5,
          11
        ],
        [
          3,
          13
        ],
        [
          2,
          16
        ]
      ],
      "start": [
        31,
        7
      ],
      "end": [
        2,
        16
      ]
    },
    {
      "reward": 87.85306122448979,
      "steps": 14,
      "path": [
        [
          31,
          3
        ],
        [
          30,
          4
        ],
        [
          28,
          5
        ],
        [
          25,
          6
        ],
        [
          22,
          7
        ],
        [
          19,
          8
        ],
        [
          15,
          8
        ],
        [
          11,
          8
        ],
        [
          8,
          8
        ],
        [
          5,
          8
        ],
        [
          3,
          9
        ],
        [
          1,
          10
        ],
        [
          0,
          12
        ],
        [
          0,
          14
        ],
        [
          0,
          16
        ]
      ],
      "start": [
        31,
        3
      ],
      "end": [
        0,
        16
      ]
    },
    {
      "reward": 89.70408163265306,
      "steps": 12,
      "path": [
        [
          31,
          8
        ],
        [
          30,
          8
        ],
        [
          28,
          8
        ],
        [
          25,
          8
        ],
        [
          21,
          8
        ],
        [
          17,
          8
        ],
        [
          14,
          8
        ],
        [
          11,
          8
        ],
        [
          8,
          8
        ],
        [
          6,
          9
        ],
        [
          5,
          11
        ],
        [
          3,
          13
        ],
        [
          2,
          16
        ]
      ],
      "start": [
        31,
        8
      ],
      "end": [
        2,
        16
      ]
    }
  ],
  "metadata": {
    "total_successful_paths": 5,
    "selected_reason": "shortest_steps"
  }
}