{
  "selected_path": {
    "reward": 84.91224489795918,
    "steps": 17,
    "path": [
      [
        31,
        4
      ],
      [
        30,
        4
      ],
      [
        28,
        4
      ],
      [
        25,
        4
      ],
      [
        22,
        4
      ],
      [
        19,
        4
      ],
      [
        17,
        4
      ],
      [
        16,
        4
      ],
      [
        14,
        4
      ],
      [
        13,
        4
      ],
      [
        12,
        4
      ],
      [
        11,
        4
      ],
      [
        10,
        5
      ],
      [
        9,
        6
      ],
      [
        7,
        7
      ],
      [
        6,
        9
      ],
      [
        4,
        12
      ],
      [
        2,
        16
      ]
    ],
    "start": [
      31,
      4
    ],
    "end": [
      2,
      16
    ]
  },
  "all_successful_paths": [
    {
      "reward": 84.12040816326531,
      "steps": 18,
      "path": [
        [
          31,
          6
        ],
        [
          30,
          7
        ],
        [
          28,
          7
        ],
        [
          26,
          7
        ],
        [
          24,
          7
        ],
        [
          22,
          7
        ],
        [
          19,
          7
        ],
        [
          15,
          7
        ],
        [
          12,
          7
        ],
        [
          10,
          7
        ],
        [
          8,
          7
        ],
        [
          7,
          7
        ],
        [
          6,
          7
        ],
        [
          5,
          8
        ],
        [
          4,
          9
        ],
        [
          3,
          10
        ],
        [
          3,
          11
        ],
        [
          3,
          13
        ],
        [
          3,
          16
        ]
      ],
      "start": [
        31,
        6
      ],
      "end": [
        3,
        16
      ]
    },
    {
      "reward": 84.91224489795918,
      "steps": 17,
      "path": [
        [
          31,
          4
        ],
        [
          30,
          4
        ],
        [
          28,
          4
        ],
        [
          25,
          4
        ],
        [
          22,
          4
        ],
        [
          19,
          4
        ],
        [
          17,
          4
        ],
        [
          16,
          4
        ],
        [
          14,
          4
        ],
        [
          13,
          4
        ],
        [
          12,
          4
        ],
        [
          11,
          4
        ],
        [
          10,
          5
        ],
        [
          9,
          6
        ],
        [
          7,
          7
        ],
        [
          6,
          9
        ],
        [
          4,
          12
        ],
        [
          2,
          16
        ]
      ],
      "start": [
        31,
        4
      ],
      "end": [
        2,
        16
      ]
    },
    {
      "reward": 80.33265306122449,
      "steps": 22,
      "path": [
        [
          31,
          7
        ],
        [
          30,
          7
        ],
        [
          29,
          7
        ],
        [
          28,
          7
        ],
        [
          26,
          7
        ],
        [
          24,
          7
        ],
        [
          23,
          7
        ],
        [
          22,
          7
        ],
        [
          20,
          7
        ],
        [
          18,
          7
        ],
        [
          15,
          7
        ],
        [
          12,
          7
        ],
        [
          10,
          7
        ],
        [
          8,
          7
        ],
        [
          7,
          7
        ],
        [
          6,
          7
        ],
        [
          5,
          7
        ],
        [
          4,
          8
        ],
        [
          4,
          9
        ],
        [
          4,
          10
        ],
        [
          4,
          11
        ],
        [
          3,
          13
        ],
        [
          2,
          16
        ]
      ],
      "start": [
        31,
        7
      ],
      "end": [
        2,
        16
      ]
    },
    {
      "reward": 48.00612244897959,
      "steps": 37,
      "path": [
        [
          31,
          14
        ],
        [
          31,
          15
        ],
        [
          31,
          16
        ],
        [
          31,
          3
        ],
        [
          30,
          4
        ],
        [
          29,
          5
        ],
        [
          28,
          5
        ],
        [
          26,
          5
        ],
        [
          23,
          5
        ],
        [
          20,
          6
        ],
        [
          18,
          6
        ],
        [
          15,
          6
        ],
        [
          12,
          6
        ],
        [
          9,
          6
        ],
        [
          7,
          7
        ],
        [
          6,
          9
        ],
        [
          4,
          12
        ],
        [
          2,
          15
        ],
        [
          31,
          7
        ],
        [
          30,
          7
        ],
        [
          29,
          7
        ],
        [
          28,
          7
        ],
        [
          26,
          7
        ],
        [
          24,
          7
        ],
        [
          23,
          7
        ],
        [
          22,
          7
        ],
        [
          20,
          7
        ],
        [
          17,
          7
        ],
        [
          14,
          7
        ],
        [
          12,
          7
        ],
        [
          9,
          8
        ],
        [
          7,
          8
        ],
        [
          5,
          8
        ],
        [
          4,
          9
        ],
        [
          3,
          10
        ],
        [
          3,
          11
        ],
        [
          3,
          13
        ],
        [
          3,
          16
        ]
      ],
      "start": [
        31,
        14
      ],
      "end": [
        3,
        16
      ]
    },
    {
      "reward": 68.36530612244898,
      "steps": 25,
      "path": [
        [
          31,
          15
        ],
        [
          31,
          15
        ],
        [
          31,
          15
        ],
        [
          31,
          15
        ],
        [
          31,
          16
        ],
        [
          31,
          4
        ],
        [
          30,
          4
        ],
        [
          28,
          4
        ],
        [
          25,
          4
        ],
        [
          22,
          4
        ],
        [
          19,
          4
        ],
        [
          17,
          4
        ],
        [
          16,
          4
        ],
        [
          14,
          4
        ],
        [
          13,
          4
        ],
        [
          12,
          4
        ],
        [
          11,
          4
        ],
        [
          10,
          5
        ],
        [
          9,
          6
        ],
        [
          7,
          7
        ],
        [
          5,
          8
        ],
        [
          3,
          9
        ],
        [
          2,
          11
        ],
        [
          2,
          12
        ],
        [
          1,
          14
        ],
        [
          0,
          16
        ]
      ],
      "start": [
        31,
        15
      ],
      "end": [
        0,
        16
      ]
    }
  ],
  "metadata": {
    "total_successful_paths": 5,
    "selected_reason": "shortest_steps"
  }
}