{
  "selected_path": {
    "reward": 50.24081632653061,
    "steps": 7,
    "path": [
      [
        19,
        2
      ],
      [
        18,
        2
      ],
      [
        17,
        3
      ],
      [
        15,
        3
      ],
      [
        13,
        3
      ],
      [
        10,
        4
      ],
      [
        6,
        6
      ],
      [
        1,
        9
      ]
    ],
    "start": [
      19,
      2
    ],
    "end": [
      1,
      9
    ]
  },
  "all_successful_paths": [
    {
      "reward": 50.251020408163264,
      "steps": 8,
      "path": [
        [
          19,
          0
        ],
        [
          18,
          1
        ],
        [
          18,
          2
        ],
        [
          17,
          3
        ],
        [
          15,
          3
        ],
        [
          13,
          3
        ],
        [
          10,
          4
        ],
        [
          6,
          6
        ],
        [
          1,
          9
        ]
      ],
      "start": [
        19,
        0
      ],
      "end": [
        1,
        9
      ]
    },
    {
      "reward": 50.310204081632655,
      "steps": 9,
      "path": [
        [
          19,
          1
        ],
        [
          19,
          2
        ],
        [
          19,
          3
        ],
        [
          18,
          4
        ],
        [
          16,
          4
        ],
        [
          14,
          4
        ],
        [
          12,
          4
        ],
        [
          9,
          5
        ],
        [
          6,
          7
        ],
        [
          3,
          9
        ]
      ],
      "start": [
        19,
        1
      ],
      "end": [
        3,
        9
      ]
    },
    {
      "reward": 50.251020408163264,
      "steps": 8,
      "path": [
        [
          19,
          1
        ],
        [
          19,
          2
        ],
        [
          19,
          3
        ],
        [
          18,
          4
        ],
        [
          16,
          4
        ],
        [
          14,
          4
        ],
        [
          11,
          5
        ],
        [
          7,
          7
        ],
        [
          3,
          9
        ]
      ],
      "start": [
        19,
        1
      ],
      "end": [
        3,
        9
      ]
    },
    {
      "reward": 50.24081632653061,
      "steps": 7,
      "path": [
        [
          19,
          2
        ],
        [
          18,
          2
        ],
        [
          17,
          3
        ],
        [
          15,
          3
        ],
        [
          13,
          3
        ],
        [
          10,
          4
        ],
        [
          6,
          6
        ],
        [
          1,
          9
        ]
      ],
      "start": [
        19,
        2
      ],
      "end": [
        1,
        9
      ]
    },
    {
      "reward": 50.251020408163264,
      "steps": 8,
      "path": [
        [
          19,
          1
        ],
        [
          19,
          2
        ],
        [
          19,
          3
        ],
        [
          18,
          4
        ],
        [
          16,
          4
        ],
        [
          14,
          4
        ],
        [
          11,
          5
        ],
        [
          7,
          7
        ],
        [
          3,
          9
        ]
      ],
      "start": [
        19,
        1
      ],
      "end": [
        3,
        9
      ]
    }
  ],
  "metadata": {
    "total_successful_paths": 5,
    "selected_reason": "shortest_steps"
  }
}